schemaVersion,recordType,source_name,source_url,title,authors,paper_url,github_url,github_stars,published_date,collectedAt,github_stars_fetched_at,github_evidence_type
1.0,RESEARCH_PAPER,arxiv,https://arxiv.org/abs/2608.13560,AutoDesign: Meta-Harness Optimization for Long-Horizon Agentic Design,Yaxin Luo; Haobin Jiang; Jialv Zou; Xu Huang; Wenhao Yan; Haodong Li; Zhengrong Yue; Jing Li; Xiaofu Chen; Xiaohan Zhao; Jiacheng Liu; Jiacheng Cui; Zhiqiang Shen; Xiaotong Li,https://arxiv.org/abs/2608.13560,https://github.com/Yaxin9Luo/AutoDesign,58,2026-08-13T17:59:57+00:00,2026-08-16T18:42:59.136818+00:00,2026-08-16T18:42:57.581857+00:00,authoritative_paper_page
1.0,RESEARCH_PAPER,arxiv,https://arxiv.org/abs/2608.13558,OmniScientist: An Omni-Modal Omni-Discipline AI Scientist,Bobo Li; Hao Fei; Tianjie Ju; Mong-Li Lee; Wynne Hsu,https://arxiv.org/abs/2608.13558,,,2026-08-13T17:59:52+00:00,2026-08-16T18:42:59.158930+00:00,,
1.0,RESEARCH_PAPER,arxiv,https://arxiv.org/abs/2608.13555,HumanTracker: Towards Comprehensive and Human-Aligned Motion Tracking Benchmark,Dairu Liu; Zekun Qi; Jiayu Zeng; Ruixi Yu; Yu Guan; Yintianrun Zhang; Xuchuan Chen; Sikai Liang; Zekai Li; Chenghuai Lin; Xinqiang Yu; Wenyao Zhang; He Wang; Li Yi,https://arxiv.org/abs/2608.13555,,,2026-08-13T17:59:40+00:00,2026-08-16T18:42:59.177795+00:00,,
1.0,RESEARCH_PAPER,arxiv,https://arxiv.org/abs/2608.13547,QuoteBench: How Matched Scores Can Hide Command-Path Failures,Shangao Li; Yao Zhang; Volker Tresp; Yuanyuan Yang,https://arxiv.org/abs/2608.13547,,,2026-08-13T17:57:20+00:00,2026-08-16T18:42:59.199700+00:00,,
1.0,RESEARCH_PAPER,arxiv,https://arxiv.org/abs/2608.13545,LittleLearner: Language Models Under Pedagogically Controlled Knowledge Exposure,Fanfei Li; Jana Zeller; Manuel Prada-Corral; Thaddäus Wiedemer; Prasanna Mayilvahanan; Ryan Cotterell; Wieland Brendel,https://arxiv.org/abs/2608.13545,,,2026-08-13T17:56:12+00:00,2026-08-16T18:42:59.220403+00:00,,
1.0,RESEARCH_PAPER,arxiv,https://arxiv.org/abs/2608.13522,Vero: Can AI Agents Build Formally Verified Software Repositories?,Zhe Ye; Hantao Lou; Yuechun Sun; Peiyang Song; Zhengxu Yan; Timothe Kasriel; Qingyang Zhang; Kaiyu Yang; Soonho Kong; Jingxuan He; Dawn Song,https://arxiv.org/abs/2608.13522,https://github.com/sunblaze-ucb/vero,9,2026-08-13T17:41:27+00:00,2026-08-16T18:42:59.242861+00:00,2026-08-16T18:42:58.333451+00:00,authoritative_paper_page
1.0,RESEARCH_PAPER,arxiv,https://arxiv.org/abs/2608.13520,The data geometry of masking diffusion: Certified-optimal schedules via unmasking growth complexity,Martin J. Wainwright,https://arxiv.org/abs/2608.13520,,,2026-08-13T17:40:17+00:00,2026-08-16T18:42:59.261667+00:00,,
1.0,RESEARCH_PAPER,arxiv,https://arxiv.org/abs/2608.13517,DFM Mimir v1: An Open HRM Delivering Frontier Performance at 1B Parameters Using Only Permissible Post-Training Data,Peter Schneider-Kamp; Jacob Nielsen; Gianluca Barmina; Kenneth Enevoldsen; Lukas Galke Poech,https://arxiv.org/abs/2608.13517,,,2026-08-13T17:37:53+00:00,2026-08-16T18:42:59.280420+00:00,,
1.0,RESEARCH_PAPER,arxiv,https://arxiv.org/abs/2608.13492,AlayaWorld: Interactive Long-Horizon World Modeling - Full Technical Report (v1.1),AlayaWorld Team; Kaipeng Zhang; Chuanhao Li; Yifan Zhan; Yongtao Ge; Yuanyang Yin; Jiaming Tan; Kang He; Liaoyuan Fan; Mingliang Zhai; Ruicong Liu; Xiaojie Xu; Xuangeng Chu; Zhen Li; Zhengyuan Lin; Zhixiang Wang; Zian Meng; Zihui Gao,https://arxiv.org/abs/2608.13492,,,2026-08-13T17:21:03+00:00,2026-08-16T18:42:59.299480+00:00,,
1.0,RESEARCH_PAPER,arxiv,https://arxiv.org/abs/2608.13484,Toward a Gricean Retreat: Probing LLMs for Knowledge Boundaries and Referent Specificity,Dananjay Srinivas; Saksham Khatwani; Maria Pacheco,https://arxiv.org/abs/2608.13484,,,2026-08-13T17:13:41+00:00,2026-08-16T18:42:59.317496+00:00,,
1.0,RESEARCH_PAPER,arxiv,https://arxiv.org/abs/2608.13482,Synthetic Persona Pretraining: Alignment from Token Zero,Julian Minder; Viktor Moskvoretskii; Raghav Singhal; Difan Jiao; Andy Arditi; Shaobo Cui; Yiderigun Borjigin; Kartik Bali; Stefan Krsteski; Harsh Raj; Huu Nguyen; Jannik Brinkmann; Ashton Anderson; Roland Aydin; Robert West,https://arxiv.org/abs/2608.13482,,,2026-08-13T17:12:04+00:00,2026-08-16T18:42:59.337062+00:00,,
1.0,RESEARCH_PAPER,arxiv,https://arxiv.org/abs/2608.13476,MARC v1: An Open-Source Multi-Agent Framework for Clinical AI Reasoning and Coordination,Saisha Shetty; Satvik Tripathi; Austin Lin; Colin Zhao; Theodore Kim; Don Enwerem; Jacinta Arnold; Shahriar Faghani; Tessa S Cook,https://arxiv.org/abs/2608.13476,https://github.com/Penn-RAIL/MARC-v1,7,2026-08-13T17:00:08+00:00,2026-08-16T18:42:59.357250+00:00,2026-08-16T18:42:59.075829+00:00,authoritative_paper_page
1.0,RESEARCH_PAPER,arxiv,https://arxiv.org/abs/2608.13472,AaLLM: An End-to-End Analog Circuit Design Framework from Topology Generation to Sizing Using Large Language Models,Mohammed Ayman Habib; Rylan Hart; Morteza Fayazi,https://arxiv.org/abs/2608.13472,,,2026-08-13T16:57:07+00:00,2026-08-16T18:42:59.375915+00:00,,
1.0,RESEARCH_PAPER,arxiv,https://arxiv.org/abs/2608.13465,Concept Drift Detection and Adaptive Retraining of Malware Classification Models,Christofer Washington Berruz Chungata; Martin Jurecek; Katerina Potika; William B. Andreopoulos; Mark Stamp,https://arxiv.org/abs/2608.13465,,,2026-08-13T16:46:56+00:00,2026-08-16T18:42:59.394857+00:00,,
1.0,RESEARCH_PAPER,arxiv,https://arxiv.org/abs/2608.13463,MLLM-Routed Heterogeneous Ensembles for Robust Cross-Dataset Image Classification,Daniel Perkins; John Squires; Janou Milligan; Chandra Raskoti; Linda Ungerboeck,https://arxiv.org/abs/2608.13463,,,2026-08-13T16:45:24+00:00,2026-08-16T18:42:59.417150+00:00,,
1.0,RESEARCH_PAPER,arxiv,https://arxiv.org/abs/2608.13459,CAPRI: Contract-Aware Proof Repair for Isabelle,Jim Woodcock; Gabriel Leite; Augusto Sampaio; Ran Wei,https://arxiv.org/abs/2608.13459,,,2026-08-13T16:43:44+00:00,2026-08-16T18:42:59.438015+00:00,,
1.0,RESEARCH_PAPER,arxiv,https://arxiv.org/abs/2608.13456,A Unifying Perspective on Causal World Models: From Observations to Representations to Structure,Avinash Kori; Fabrizio Russo,https://arxiv.org/abs/2608.13456,,,2026-08-13T16:40:35+00:00,2026-08-16T18:42:59.458343+00:00,,
1.0,RESEARCH_PAPER,arxiv,https://arxiv.org/abs/2608.13453,UniTexture: Cross-Task Universal Adversarial Textures for Vision-Language-Action Models,Yukun Dai; Mingzhe Dai; Tianshi Wang; Fengling Li; Jingjing Li; Lei Zhu,https://arxiv.org/abs/2608.13453,,,2026-08-13T16:38:57+00:00,2026-08-16T18:42:59.479082+00:00,,
1.0,RESEARCH_PAPER,arxiv,https://arxiv.org/abs/2608.13447,"Academic League of Artificial Intelligence - An Integrative Perspective of Teaching, Research, and Extension",Alison R. Panisson; Maria Eduarda W. M. Vianna; Italo Firmino da Silva; Heitor Henrique da Silva; Rafaela Fernandes Savaris; Bernardo Pandolfi Costa; Martin Augusto Gagliotti Vigil; Jim Lau; Agenor Hentz; Andréa Sabedra Bordin; Alexandre Leopoldo Gonçalves; Roberto Rodrigues-Filho,https://arxiv.org/abs/2608.13447,,,2026-08-13T16:32:44+00:00,2026-08-16T18:42:59.500101+00:00,,
1.0,RESEARCH_PAPER,arxiv,https://arxiv.org/abs/2608.13438,ContactGuard: Pre-Contact Execution Monitoring with Action-Conditioned Latent World Models,Gehan Zheng; Matthew Johnson-Roberson; Weiming Zhi,https://arxiv.org/abs/2608.13438,,,2026-08-13T16:25:54+00:00,2026-08-16T18:42:59.526759+00:00,,